{"cameraMode":{"drawMode":0,"name":"Shaded","section":"Shading Mode"},"sceneLighting":false,"audioPlay":false,"sceneViewState":{"showFog":true,"showMaterialUpdate":false,"showSkybox":false,"showFlares":true,"showImageEffects":true,"showParticleSystems":true},"in2DMode":false,"pivot":{"x":-0.01487874984741211,"y":3.246269464492798,"z":-0.30894041061401369},"rotation":{"x":0.008820978924632073,"y":-0.8566531538963318,"z":0.5156125426292419,"w":0.014656290411949158},"size":10.321983337402344,"orthographic":false}