{"cameraMode":{"drawMode":0,"name":"Shaded","section":"Shading Mode"},"sceneLighting":false,"audioPlay":false,"sceneViewState":{"showFog":true,"showMaterialUpdate":false,"showSkybox":true,"showFlares":true,"showImageEffects":true,"showParticleSystems":true},"in2DMode":false,"pivot":{"x":-17.87246322631836,"y":0.37978363037109377,"z":-9.512227058410645},"rotation":{"x":0.1266072392463684,"y":-0.8085383176803589,"z":0.1906418800354004,"w":0.5421251058578491},"size":20.12733268737793,"orthographic":false}