{"cameraMode":{"drawMode":0,"name":"Shaded","section":"Shading Mode"},"sceneLighting":false,"audioPlay":false,"sceneViewState":{"showFog":true,"showMaterialUpdate":false,"showSkybox":false,"showFlares":true,"showImageEffects":true,"showParticleSystems":true},"in2DMode":false,"pivot":{"x":-0.014880180358886719,"y":2.1833267211914064,"z":-0.23167657852172852},"rotation":{"x":0.008820978924632073,"y":-0.8566531538963318,"z":0.5156125426292419,"w":0.014656290411949158},"size":7.900284290313721,"orthographic":false}