{"cameraMode":{"drawMode":0,"name":"Shaded","section":"Shading Mode"},"sceneLighting":false,"audioPlay":false,"sceneViewState":{"showFog":true,"showMaterialUpdate":false,"showSkybox":true,"showFlares":true,"showImageEffects":true,"showParticleSystems":true},"in2DMode":false,"pivot":{"x":-11.042594909667969,"y":-1.2056012153625489,"z":79.7978744506836},"rotation":{"x":-0.017873745411634446,"y":-0.9640275239944458,"z":0.263395220041275,"w":-0.030990270897746087},"size":4.85563325881958,"orthographic":false}