{"cameraMode":{"drawMode":0,"name":"Shaded","section":"Shading Mode"},"sceneLighting":false,"audioPlay":false,"sceneViewState":{"showFog":true,"showMaterialUpdate":false,"showSkybox":false,"showFlares":true,"showImageEffects":true,"showParticleSystems":true},"in2DMode":false,"pivot":{"x":1.9052996635437012,"y":1.9200000762939454,"z":1.269177794456482},"rotation":{"x":0.018052296712994577,"y":-0.7238580584526062,"z":0.03212568163871765,"w":0.6889678835868836},"size":4.855634689331055,"orthographic":false}