{"cameraMode":{"drawMode":0,"name":"Shaded","section":"Shading Mode"},"sceneLighting":false,"audioPlay":false,"sceneViewState":{"showFog":true,"showMaterialUpdate":false,"showSkybox":false,"showFlares":true,"showImageEffects":true,"showParticleSystems":true},"in2DMode":false,"pivot":{"x":-4.76837158203125e-7,"y":4.3714862840715799e-8,"z":-0.9999996423721314},"rotation":{"x":-0.011258197017014027,"y":0.9850375652313232,"z":-0.15675172209739686,"w":-0.07074777781963349},"size":2.2360682487487795,"orthographic":false}