{"cameraMode":{"drawMode":0,"name":"Shaded","section":"Shading Mode"},"sceneLighting":false,"audioPlay":false,"sceneViewState":{"showFog":true,"showMaterialUpdate":false,"showSkybox":false,"showFlares":true,"showImageEffects":true,"showParticleSystems":true},"in2DMode":false,"pivot":{"x":-0.0000021457672119140627,"y":3.8941652746871116e-7,"z":0.00000286102294921875},"rotation":{"x":-0.008851451799273491,"y":0.9273598790168762,"z":-0.3734237253665924,"w":-0.021981989964842798},"size":4.47213888168335,"orthographic":false}