{"cameraMode":{"drawMode":0,"name":"Shaded","section":"Shading Mode"},"sceneLighting":false,"audioPlay":false,"sceneViewState":{"showFog":true,"showMaterialUpdate":false,"showSkybox":false,"showFlares":true,"showImageEffects":true,"showParticleSystems":true},"in2DMode":false,"pivot":{"x":-0.5075671672821045,"y":0.8275237083435059,"z":-7.697625160217285},"rotation":{"x":-0.011258197017014027,"y":0.9850375652313232,"z":-0.15675172209739686,"w":-0.07074777781963349},"size":10.67434024810791,"orthographic":false}