{"cameraMode":{"drawMode":0,"name":"Shaded","section":"Shading Mode"},"sceneLighting":false,"audioPlay":false,"sceneViewState":{"showFog":true,"showMaterialUpdate":false,"showSkybox":false,"showFlares":true,"showImageEffects":true,"showParticleSystems":true},"in2DMode":false,"pivot":{"x":0.00000762939453125,"y":3.183307409286499,"z":-3.8161678314208986},"rotation":{"x":0.008820978924632073,"y":-0.8566531538963318,"z":0.5156125426292419,"w":0.014656290411949158},"size":19.04596519470215,"orthographic":false}